userid,fname,lname,username,gender,email,password,confirmpassword
1,Rashad,Castaneda,Rashad@61,Male,Salvador@et.com, 6fVt6H@ , 6fVt6H@ 
2,Iris,Mathews,Iris@61,Male,Garrett@In.gov, wkKwInhEK@ , wkKwInhEK@ 
3,Timon,Gonzales,Timon@61,Female,Fallon@aptent.net, C9gm2ks@ , C9gm2ks@ 
4,Murphy,Chandler,Murphy@61,Male,Herman@gravida.edu, JDWaJmG@1ez5B , JDWaJmG@1ez5B 
5,Halee,Richard,Halee@61,Male,Xyla@est.net, GEH9v@CX , GEH9v@CX 
6,Caleb,Brown,Caleb@61,Female,Harding@Nam.gov, 5Ls@3Jq , 5Ls@3Jq 
7,Julie,Pratt,Julie@61,Male,Molly@tellus.com, 3h@W7AY , 3h@W7AY 
8,Latifah,Pena,Latifah@61,Male,Constance@vestibulum.net, suyl8@lx , suyl8@lx 
9,Dorian,Ortiz,Dorian@61,Female,Stella@Nam.edu, iFtq9@8 , iFtq9@8 
10,Eaton,Drake,Eaton@61,Female,Blossom@egestas.us, 0oT@bkInaE6D , 0oT@bkInaE6D 
11,Yvonne,Kelly,Yvonne@61,Female,Amanda@ad.gov, IwK@lUPe , IwK@lUPe 
12,May,King,May@61,Female,Daniel@Class.edu, IF0exr0y@S , IF0exr0y@S 
13,Jakeem,Navarro,Jakeem@61,Male,Flynn@est.us, z@FfK7rav , z@FfK7rav 
14,Lydia,Compton,Lydia@61,Female,Doris@lobortis.com, BLS4@NNh , BLS4@NNh 
15,Armand,Parsons,Armand@61,Female,Larissa@Curae.edu, sPV@Owo3ej , sPV@Owo3ej 
16,Hop,Harrington,Hop@61,Female,Walter@magna.net, Ha@d3YOef7 , Ha@d3YOef7 
17,Stuart,Guzman,Stuart@61,Male,Knox@posuere.com, 11uT3@Mn , 11uT3@Mn 
18,Regan,Fischer,Regan@61,Male,Sade@hendrerit.com, QRo0c5@Gf0e , QRo0c5@Gf0e 
19,Carissa,Holt,Carissa@61,Female,Ferris@aptent.edu, J9Nu7h@UC7FH0 , J9Nu7h@UC7FH0 
20,Deacon,Merritt,Deacon@61,Male,Iris@eros.us, VgT@QCFwf , VgT@QCFwf 
21,Roanna,Riddle,Roanna@61,Male,Joelle@Proin.edu, 2tf3Bh@wIZ1 , 2tf3Bh@wIZ1 
22,Kimberley,Blackwell,Kimberley@61,Male,Blythe@taciti.com, 45Ut@Xqlt4 , 45Ut@Xqlt4 
23,Elmo,Poole,Elmo@61,Female,Maile@at.net, pemx@hA , pemx@hA 
24,Leigh,Dominguez,Leigh@61,Male,Jerome@mus.edu, 8SYc@V3En , 8SYc@V3En 
25,Kyla,Pitts,Kyla@61,Female,Clare@gravida.org, vRKdBO@L0x , vRKdBO@L0x 
26,Neville,Fleming,Neville@61,Female,Chaney@id.net, LrekLYm@kqH , LrekLYm@kqH 
27,Sandra,Velez,Sandra@61,Male,Kadeem@ultrices.us, ocZkM3@UttL5 , ocZkM3@UttL5 
28,Gil,Sargent,Gil@61,Male,Alfonso@ultrices.edu, GsFaB2@m0YO , GsFaB2@m0YO 
29,Benedict,Allen,Benedict@61,Female,Laurel@mi.edu, JAsqmV@UhxnEj , JAsqmV@UhxnEj 
30,Cody,Jennings,Cody@61,Male,Chava@Aenean.gov, fDuv@W7Pli85K , fDuv@W7Pli85K 
31,Chancellor,Jenkins,Chancellor@61,Male,Amir@Aliquam.us, L6AD6I@eF , L6AD6I@eF 
32,Minerva,Palmer,Minerva@61,Female,Breanna@auctor.com, bl2ii@RtPDcE6 , bl2ii@RtPDcE6 
33,Price,Byers,Price@61,Male,Warren@quis.com, MrU5nM@nr , MrU5nM@nr 
34,Wendy,Harrington,Wendy@61,Female,Echo@sem.com, FNczVQ@ , FNczVQ@ 
35,Margaret,Good,Margaret@61,Female,Amity@consequat.net, 4gj92B@pga , 4gj92B@pga 
36,Drake,Morton,Drake@61,Male,Herman@metus.com, yvtta@eotpw , yvtta@eotpw 
37,Lawrence,Mathis,Lawrence@61,Male,Kimberly@tempus.net, iX1D@Xi , iX1D@Xi 
38,Chanda,Tyler,Chanda@61,Female,Audrey@libero.com, 55g@I6Ur , 55g@I6Ur 
39,Ingrid,Conner,Ingrid@61,Female,Drew@eget.com, i8@3UCgRXV , i8@3UCgRXV 
40,Alana,Mason,Alana@61,Male,Alfonso@dapibus.com, wS1Y@z4e4 , wS1Y@z4e4 
41,Alec,Stevens,Alec@61,Female,Tiger@Nunc.edu, VNTs@kgZ , VNTs@kgZ 
42,Wilma,Oconnor,Wilma@61,Female,Hoyt@nec.gov, r4r@hnxbluNc , r4r@hnxbluNc 
43,Zephania,Hardin,Zephania@61,Male,Harlan@neque.gov, ThXr@UM5 , ThXr@UM5 
44,Violet,Bishop,Violet@61,Male,Naomi@amet.com, NC9@rpfvo , NC9@rpfvo 
45,Mona,Travis,Mona@61,Male,Colette@mi.gov, ysA0@kL9TlZ , ysA0@kL9TlZ 
46,Kelsey,Lindsay,Kelsey@61,Male,Camden@interdum.edu, taFBa@6p0 , taFBa@6p0 
47,Brody,Carney,Brody@61,Female,Ahmed@senectus.gov, Jmrll1@ , Jmrll1@ 
48,Leilani,Cameron,Leilani@61,Male,Lucian@taciti.com, rQLN@yb4ViI , rQLN@yb4ViI 
49,Rafael,Roth,Rafael@61,Male,Hadley@turpis.gov, ejjC@x9S02 , ejjC@x9S02 
50,Leonard,Winters,Leonard@61,Male,Dean@auctor.edu, awl@lhA0 , awl@lhA0 
51,Inga,Bailey,Inga@61,Male,Heather@est.com, wgdzd7JtK@bW , wgdzd7JtK@bW 
52,Colton,Bauer,Colton@61,Female,Erich@elit.com, SqMPesv@h , SqMPesv@h 
53,Richard,Gregory,Richard@61,Female,Clare@vestibulum.gov, 881c@1W8Qk , 881c@1W8Qk 
54,Emmanuel,Morse,Emmanuel@61,Male,Daria@eros.org, CoQ@zMA , CoQ@zMA 
55,Amy,Salas,Amy@61,Male,Christen@in.com, IxJX@8969Y2p , IxJX@8969Y2p 
56,Leo,Cole,Leo@61,Female,Dana@Duis.org, m1w@9ckK , m1w@9ckK 
57,Kadeem,Hines,Kadeem@61,Male,Idona@gravida.gov, Nqi@MAXvU , Nqi@MAXvU 
58,Neil,Berry,Neil@61,Female,Oliver@libero.net, bNf@1jtlA , bNf@1jtlA 
59,Shafira,Salazar,Shafira@61,Male,Mira@Pellentesque.org, scBh@r7nqMXkN , scBh@r7nqMXkN 
60,Gannon,Livingston,Gannon@61,Male,Zeph@habitant.edu, DRn!55r , DRn!55r 
61,Dylan,Combs,Dylan@61,Male,Caldwell@erat.com, bV1yM!sg8QHeU , bV1yM!sg8QHeU 
62,MacKensie,Houston,MacKensie@61,Female,Chloe@pretium.us, vVCLo!1IA , vVCLo!1IA 
63,Mallory,Butler,Mallory@61,Male,Valentine@senectus.edu, dm34XX!5Wxaj , dm34XX!5Wxaj 
64,Quin,Day,Quin@61,Male,Nina@ornare.edu, BvzjBdiiGu#pS , BvzjBdiiGu#pS 
65,Levi,Hampton,Levi@61,Female,Jennifer@suscipit.us, jnWiRA!6hmMWN , jnWiRA!6hmMWN 
66,Chanda,Vaughn,Chanda@61,Female,Chaney@massa.com, lXNi@1BFLY , lXNi@1BFLY 
67,Preston,Roberson,Preston@61,Male,Faith@Vivamus.org, ahC!GwirMv8 , ahC!GwirMv8 
68,Tiger,Fischer,Tiger@61,Female,Josephine@adipiscing.org, wt!Kin9 , wt!Kin9 
69,McKenzie,Kaufman,McKenzie@61,Male,Xenos@sagittis.gov, hlhIL!vrehzC7 , hlhIL!vrehzC7 
70,Isaiah,Butler,Isaiah@61,Male,Xena@sociosqu.com, Ibn5f!CM , Ibn5f!CM 
71,Louis,Holden,Louis@61,Female,Rajah@est.gov, m5dc1!iqlENt4 , m5dc1!iqlENt4 
72,Felicia,Porter,Felicia@61,Female,Kareem@Nunc.us, h0cV!WUWsuF , h0cV!WUWsuF 
73,Reese,Reed,Reese@61,Male,Francis@gravida.us, b2acb!CMZpvs , b2acb!CMZpvs 
74,Sierra,Cantrell,Sierra@61,Female,Darryl@vestibulum.us, Dya!U4mMt0Ch , Dya!U4mMt0Ch 
75,Jena,Guthrie,Jena@61,Male,Roary@Integer.gov, JmpndZ#ZCf4 , JmpndZ#ZCf4 
76,Octavius,Ball,Octavius@61,Female,Dominique@hymenaeos.com, JjWS!5#8jV , JjWS!5#8jV 
77,Devin,Sherman,Devin@61,Male,Dexter@varius.org, bsO8!Tx4TF , bsO8!Tx4TF 
78,Burton,Joyner,Burton@61,Female,Virginia@consequat.net, PzGt!yWmr , PzGt!yWmr 
79,Holmes,Dunn,Holmes@61,Female,Duncan@vel.org, LTV2I@oWF , LTV2I@oWF 
80,Wade,Joyner,Wade@61,Female,Erica@amet.gov, g9iO@xR0OM0 , g9iO@xR0OM0 
81,Kirk,Hensley,Kirk@61,Male,Guy@Praesent.gov, klkiaN@1mHKX , klkiaN@1mHKX 
82,Brennan,Whitfield,Brennan@61,Male,Kuame@placerat.net, ewZFPI@tziBw , ewZFPI@tziBw 
83,Cullen,Bird,Cullen@61,Male,Beatrice@pellentesque.net, ZH7@xwZy , ZH7@xwZy 
84,Cyrus,Livingston,Cyrus@61,Female,Amanda@in.gov, kUut7@siou , kUut7@siou 
85,Maia,Adkins,Maia@61,Male,Aquila@neque.net, 6TvTY@zuM0 , 6TvTY@zuM0 
86,Naomi,Melton,Naomi@61,Male,Frances@Nunc.us, Yjoowp@1ONxaLX , Yjoowp@1ONxaLX 
87,Kimberly,Sloan,Kimberly@61,Female,Moses@magnis.com, oB3Tk@QGhQQu8 , oB3Tk@QGhQQu8 
88,Jonas,Huff,Jonas@61,Female,Buckminster@elit.org, GvvA@Y6a5I0 , GvvA@Y6a5I0 
89,Faith,James,Faith@61,Female,Ivory@Cras.gov, rKxk@1cs , rKxk@1cs 
90,Ronan,Montgomery,Ronan@61,Female,Kelly@Vivamus.com, MG4z@G9lf6 , MG4z@G9lf6 
91,Natalie,Baldwin,Natalie@61,Male,Keaton@metus.edu, LKsWh@1nrTwmPO , LKsWh@1nrTwmPO 
92,Laith,Morrow,Laith@61,Female,Alexa@risus.com, jK7eh@ouVGEfz , jK7eh@ouVGEfz 
93,Barry,Ayers,Barry@61,Female,Rosalyn@nostra.us, Ccso@2yop , Ccso@2yop 
94,Nina,Watson,Nina@61,Male,Selma@litora.com, ulh@SsHk , ulh@SsHk 
95,Reed,Marsh,Reed@61,Male,Teegan@vestibulum.com, 7RN@aN0I , 7RN@aN0I 
96,Shannon,Beasley,Shannon@61,Female,Chaim@Aenean.gov, 7dJWQ@N7yjM3A , 7dJWQ@N7yjM3A 
97,Lamar,Higgins,Lamar@61,Male,Duncan@faucibus.org, IbhjQ@1aY , IbhjQ@1aY 
98,Zenaida,Fleming,Zenaida@61,Male,Brennan@Ut.us, Ozoup@Vzp0 , Ozoup@Vzp0 
99,Hashim,Wyatt,Hashim@61,Male,MacKenzie@accumsan.edu, j9Tnpx@TNskli , j9Tnpx@TNskli 
100,Serina,Henson,Serina@61,Male,Nichole@interdum.com, VRON@h7bZY , VRON@h7bZY 
101,Mechelle,Boyd,Mechelle@61,Female,Allen@Cras.net, JVeF4@Ko2n6 , JVeF4@Ko2n6 
102,Tarik,Guerra,Tarik@61,Female,Hiram@dictum.net, VzlPE@faVknR3 , VzlPE@faVknR3 
103,Dolan,Harmon,Dolan@61,Female,Baxter@magnis.gov, wBV@1joT , wBV@1joT 
104,Bernard,Andrews,Bernard@61,Female,Buckminster@condimentum.edu, wblI@AK , wblI@AK 
105,Dustin,Dennis,Dustin@61,Female,Morgan@at.us, zaBw@SdnPHuCj , zaBw@SdnPHuCj 
106,Damon,Hart,Damon@61,Female,Cody@pulvinar.com, Pi3G@PXXu , Pi3G@PXXu 
107,Kylynn,Schwartz,Kylynn@61,Male,Inez@parturient.gov, jTff5tX@s1XdS , jTff5tX@s1XdS 
108,Macy,Horn,Macy@61,Female,Kay@tellus.com, LESly@eII5z8w , LESly@eII5z8w 
109,Bruce,Brock,Bruce@61,Male,Maile@pretium.us, 71Kk@g6Jw , 71Kk@g6Jw 
110,Evangeline,Figueroa,Evangeline@61,Male,Clarke@dolor.net, QxqK@7BUYSL , QxqK@7BUYSL 
111,Kadeem,Atkins,Kadeem@61,Male,Fuller@placerat.us, iLsu9KM@GZGXE , iLsu9KM@GZGXE 
112,Daphne,Merritt,Daphne@61,Female,Elliott@ultricies.edu, aKQFjf@Fik , aKQFjf@Fik 
113,Kennedy,Randall,Kennedy@61,Female,Odysseus@laoreet.gov, PLDiUhb@hivhF , PLDiUhb@hivhF 
114,Chanda,Mathis,Chanda@61,Male,Ursa@Nullam.org, q3lOg@AJqr2P , q3lOg@AJqr2P 
115,Sebastian,Cleveland,Sebastian@61,Female,Jared@ornare.us, FZuE@0KSC , FZuE@0KSC 
116,Todd,Bond,Todd@61,Female,Jeanette@Duis.edu, nvcK3@Bp6q , nvcK3@Bp6q 
117,Merrill,Perkins,Merrill@61,Female,Margaret@at.net, JpqhT@bYRR , JpqhT@bYRR 
118,Cain,Ramirez,Cain@61,Female,Lucas@massa.net, Bdgn5@c , Bdgn5@c 
119,Audrey,Rivers,Audrey@61,Female,Ciaran@dignissim.net, oKtVX@27j4M , oKtVX@27j4M 
120,Ethan,Reilly,Ethan@61,Male,Christian@netus.us, 2Q4THh@UHWRk , 2Q4THh@UHWRk 
121,Otto,Salas,Otto@61,Male,Minerva@id.us, H4j6@jEMfR , H4j6@jEMfR 
122,Forrest,Meadows,Forrest@61,Male,Joseph@congue.net, luXkqO@ , luXkqO@ 
123,Rana,Holland,Rana@61,Male,Sarah@feugiat.gov, Up6gja@bJ , Up6gja@bJ 
124,Breanna,Miller,Breanna@61,Male,Maryam@adipiscing.gov, VtgyV8@I , VtgyV8@I 
125,Vincent,Hammond,Vincent@61,Female,Carson@scelerisque.org, cY4W@O0wrCU8 , cY4W@O0wrCU8 
126,Emerson,Harris,Emerson@61,Male,Zachery@rutrum.org, EEaE@eJL8e6N6 , EEaE@eJL8e6N6 
127,Jordan,Mcfadden,Jordan@61,Male,Hu@libero.com, AhY@YFCW , AhY@YFCW 
128,Maggie,Glass,Maggie@61,Female,Dai@Morbi.com, oBUGI3@Grt , oBUGI3@Grt 
129,Aileen,Munoz,Aileen@61,Female,Regina@eros.net, wxi4tE2n@w , wxi4tE2n@w 
130,Omar,Boyer,Omar@61,Female,Libby@tortor.edu, vG1bgY@DhgJd , vG1bgY@DhgJd 
131,Aspen,Meyer,Aspen@61,Male,Xavier@ligula.org, fp3SMf@5jzp , fp3SMf@5jzp 
132,Chastity,Horne,Chastity@61,Male,Harlan@Maecenas.org, lWMm@00X2H , lWMm@00X2H 
133,Madison,Sandoval,Madison@61,Female,Hedwig@tellus.edu, 1uFD@ud2cUWpT , 1uFD@ud2cUWpT 
134,Connor,Lyons,Connor@61,Male,Xenos@malesuada.com, HV@dnP2 , HV@dnP2 
135,Sophia,Morrow,Sophia@61,Male,Melanie@metus.com, Qqpm@nPSeZ , Qqpm@nPSeZ 
136,Curran,Johnston,Curran@61,Female,Chanda@volutpat.net, kmZF@6WOe , kmZF@6WOe 
137,Anjolie,Pearson,Anjolie@61,Female,Hayden@vehicula.com, UgT9d@i8CA06 , UgT9d@i8CA06 
138,Colorado,Franklin,Colorado@61,Male,Declan@tellus.us, 0WNf@T09E , 0WNf@T09E 
139,Cade,Jackson,Cade@61,Female,Sonia@venenatis.edu, BQkGq@cBtmFcl , BQkGq@cBtmFcl 
140,Desirae,Luna,Desirae@61,Female,Quynn@Vivamus.edu, 8DB@FCP , 8DB@FCP 
141,Ashely,Cash,Ashely@61,Male,Kathleen@enim.net, ZPzPg@xiN1Kl2 , ZPzPg@xiN1Kl2 
142,Ignacia,Johnson,Ignacia@61,Female,Carlos@nonummy.us, Pid@fXB98 , Pid@fXB98 
143,Mechelle,Parrish,Mechelle@61,Female,Isadora@eget.edu, Q0DAK@XYnO5 , Q0DAK@XYnO5 
144,Pandora,Sexton,Pandora@61,Male,Norman@posuere.edu, ETcrT@1Mb , ETcrT@1Mb 
145,Derek,Reeves,Derek@61,Female,Kessie@tempus.edu, oQj9hjk@HvXgk , oQj9hjk@HvXgk 
146,Jane,Keith,Jane@61,Male,Gareth@ornare.net, hT5smC@mZ2n5A , hT5smC@mZ2n5A 
147,Oren,Reyes,Oren@61,Male,Ivy@suscipit.com, J91dC@tsl9Yif , J91dC@tsl9Yif 
148,Duncan,Gordon,Duncan@61,Female,Patricia@ipsum.edu, 3KsZx@BXEV , 3KsZx@BXEV 
149,Martina,Mccarthy,Martina@61,Male,Colorado@cubilia.edu, SxZcSSR@a , SxZcSSR@a 
150,Paki,Hardy,Paki@61,Male,Paki@nisi.edu, 8W3@Wwi , 8W3@Wwi 
151,Ezra,Schroeder,Ezra@61,Male,Catherine@penatibus.net, wU@1vepDhCZY , wU@1vepDhCZY 
152,Charlotte,Henry,Charlotte@61,Male,Troy@Integer.us, zlap@1iNpb , zlap@1iNpb 
153,Tatiana,Ortega,Tatiana@61,Female,Lillian@taciti.us, aaTf@CiC4 , aaTf@CiC4 
154,Kevin,Travis,Kevin@61,Male,Ciaran@ut.edu, ihltAD@1KzdK , ihltAD@1KzdK 
155,Troy,Reed,Troy@61,Female,Germaine@hendrerit.edu, R9gfTcM@0F7 , R9gfTcM@0F7 
156,Ulric,Perez,Ulric@61,Male,Devin@netus.gov, IS0eDm1@V , IS0eDm1@V 
157,Rosalyn,Benson,Rosalyn@61,Male,Barry@porta.gov, CyX@1uaDuR , CyX@1uaDuR 
158,Cherokee,Cote,Cherokee@61,Male,Ina@Class.gov, Oyqz@1oe , Oyqz@1oe 
159,Alan,Buchanan,Alan@61,Female,Farrah@vel.gov, nVyV@1Wp , nVyV@1Wp 
160,Caleb,French,Caleb@61,Female,Ifeoma@sit.gov, 0Wok@Nn4rg , 0Wok@Nn4rg 
161,Russell,English,Russell@61,Male,Lionel@commodo.gov, vYlJ7@1Jj0o , vYlJ7@1Jj0o 
162,Cassandra,Reeves,Cassandra@61,Female,Alana@dolor.edu, TZ8cb@U8G , TZ8cb@U8G 
163,Portia,Herrera,Portia@61,Female,Marshall@tempus.net, hz9@qeJ8 , hz9@qeJ8 
164,Christopher,Scott,Christopher@61,Male,Elton@torquent.org, Bhs6I1@eO5hR , Bhs6I1@eO5hR 
165,Felix,Tanner,Felix@61,Male,Castor@vel.com, vPjx2@n8ODv , vPjx2@n8ODv 
166,Bruno,Owen,Bruno@61,Female,Griffin@Pellentesque.net, joNH2x@yPBf2 , joNH2x@yPBf2 
167,Guy,Walls,Guy@61,Female,Caryn@convallis.net, ualQ6UGqynf@1k , ualQ6UGqynf@1k 
168,September,Martin,September@61,Male,Timon@eu.net, Aara@1tC , Aara@1tC 
169,Thane,Obrien,Thane@61,Female,Kareem@vel.edu, z07SHk@M , z07SHk@M 
170,Hilel,Haynes,Hilel@61,Female,Haviva@eros.us, CVhI@1FlT , CVhI@1FlT 
171,Orli,Gilliam,Orli@61,Male,Raya@mattis.us, kcgK@1eC , kcgK@1eC 
172,Cora,Bradshaw,Cora@61,Male,Beck@Lorem.gov, Z1Gm@BL6csm , Z1Gm@BL6csm 
173,Hanna,Kidd,Hanna@61,Male,Ivy@conubia.net, 2Wq0@Ev , 2Wq0@Ev 
174,Arsenio,Stephens,Arsenio@61,Male,Burke@Etiam.com, f68@sSy6H , f68@sSy6H 
175,Haley,Frederick,Haley@61,Male,Rhonda@facilisi.com, UluC@1Ls , UluC@1Ls 
176,Beck,Merritt,Beck@61,Female,Lenore@nulla.edu, Jg1IAL@xzaf , Jg1IAL@xzaf 
177,Basil,Short,Basil@61,Female,Nell@sociis.edu, pHEYz@Akwul9Z , pHEYz@Akwul9Z 
178,Oscar,Joyner,Oscar@61,Male,Gillian@at.org, ikKh@uzqWV , ikKh@uzqWV 
179,Chandler,Ewing,Chandler@61,Male,Yael@Maecenas.com, 5PqpK@mMy7UY , 5PqpK@mMy7UY 
180,Kelly,Deleon,Kelly@61,Female,Inez@justo.com, peCUG@Xzzvr , peCUG@Xzzvr 
181,Axel,Morrow,Axel@61,Male,Ralph@montes.net, JECmi@H90 , JECmi@H90 
182,Hu,Mercado,Hu@61,Female,Dalton@magnis.gov, HW3q@Z59 , HW3q@Z59 
183,Beatrice,Hester,Beatrice@61,Male,Penelope@Ut.org, QjW@BRrRZg , QjW@BRrRZg 
184,Carol,Moses,Carol@61,Male,Xander@laoreet.gov, eVV@0AFj , eVV@0AFj 
185,Elaine,Hamilton,Elaine@61,Female,Remedios@Integer.com, xA7S@VcVfWd , xA7S@VcVfWd 
186,Justina,Brewer,Justina@61,Male,Quemby@hendrerit.com, oWZZ@87FWvs , oWZZ@87FWvs 
187,Dolan,Chen,Dolan@61,Female,Chancellor@turpis.net, HqU@p8o , HqU@p8o 
188,Adara,Wade,Adara@61,Male,Kelly@nascetur.net, 7X479@Yifs , 7X479@Yifs 
189,Jasper,Short,Jasper@61,Female,Holmes@lobortis.org, KSEF@JZ1fFLWP , KSEF@JZ1fFLWP 
190,Cassidy,Douglas,Cassidy@61,Male,Colin@suscipit.edu, YTaU6@QWH1X3 , YTaU6@QWH1X3 
191,Latifah,Parrish,Latifah@61,Male,Nasim@tempus.net, SVB@1ffuE , SVB@1ffuE 
192,Damon,Barrett,Damon@61,Male,Byron@aptent.org, kKFE@1KjPqY , kKFE@1KjPqY 
193,Cecilia,Byrd,Cecilia@61,Male,Chloe@quis.net, 064h@4yrnySt6 , 064h@4yrnySt6 
194,Raja,Shaffer,Raja@61,Female,Sylvia@Nunc.org, yh@Vy19uCXLok , yh@Vy19uCXLok 
195,Paki,Fleming,Paki@61,Female,Fredericka@pretium.org, Etx@ZNz3 , Etx@ZNz3 
196,Scarlett,May,Scarlett@61,Male,Ocean@purus.com, eabS@GFhd1Q , eabS@GFhd1Q 
197,Keefe,Fitzpatrick,Keefe@61,Female,Jelani@lobortis.us, dbrJK@1AmmQ , dbrJK@1AmmQ 
198,Orson,Dodson,Orson@61,Male,Benedict@blandit.gov, bXK@1IeJc , bXK@1IeJc 
199,Graham,Hunt,Graham@61,Male,Benedict@sociis.gov, IS4D@E2 , IS4D@E2 
200,Brandon,Gonzalez,Brandon@61,Female,Hamilton@placerat.edu, VJm9@5K28 , VJm9@5K28 
201,Kaseem,Vaughn,Kaseem@61,Female,Erich@lacinia.us, f4HCgr@Vr1zo , f4HCgr@Vr1zo 
202,Emmanuel,Chang,Emmanuel@61,Male,Ori@conubia.gov, xDL@r3Nz0CZK , xDL@r3Nz0CZK 
203,Jacob,Ratliff,Jacob@61,Male,Raya@Donec.net, 0um@PJw , 0um@PJw 
204,Willow,Herrera,Willow@61,Male,Louis@adipiscing.net, cLWcAR@1ta , cLWcAR@1ta 
205,Rosalyn,Hudson,Rosalyn@61,Female,Clementine@egestas.us, WLI9tTJr@H , WLI9tTJr@H 
206,Haley,Briggs,Haley@61,Male,Declan@ut.us, Tm@agx6 , Tm@agx6 
207,Candice,Landry,Candice@61,Female,Sandra@felis.edu, azo@msgv , azo@msgv 
208,Gloria,Johnson,Gloria@61,Female,Grace@convallis.gov, Hu@Ddcc , Hu@Ddcc 
209,Frances,Morin,Frances@61,Male,Damian@libero.edu, 8dLaaA@8x48e , 8dLaaA@8x48e 
210,Hamilton,Evans,Hamilton@61,Male,Maryam@ad.net, jcgaxqL@VySIF , jcgaxqL@VySIF 
211,Kareem,Serrano,Kareem@61,Male,Sierra@commodo.us, nZjTmc@HTR , nZjTmc@HTR 
212,Dahlia,Rojas,Dahlia@61,Male,Maxwell@Donec.net, Djy@Xh9pRKP , Djy@Xh9pRKP 
213,Keith,Kidd,Keith@61,Male,Iris@in.gov, 0nTrE2@1ivUi1 , 0nTrE2@1ivUi1 
214,Zachery,Pittman,Zachery@61,Female,Dexter@Vestibulum.com, sCZ05@dfE , sCZ05@dfE 
215,Adena,Shields,Adena@61,Female,Nora@viverra.us, ma@kOr17 , ma@kOr17 
216,Colby,Barker,Colby@61,Female,TaShya@arcu.org, mJFd@3qKz , mJFd@3qKz 
217,Ella,Daugherty,Ella@61,Female,Amethyst@magna.org, Fuo1Gh@2aXQ0c , Fuo1Gh@2aXQ0c 
218,Maya,Nguyen,Maya@61,Male,Justine@elementum.com, FQ@J9Zo , FQ@J9Zo 
219,Rana,Cotton,Rana@61,Female,Russell@consectetuer.com, n6eQ@Rtiz , n6eQ@Rtiz 
220,Summer,Mcbride,Summer@61,Male,Demetria@volutpat.net, WAyVj@wFWR , WAyVj@wFWR 
221,Adrienne,Walton,Adrienne@61,Male,Ori@lorem.us, VhdtCXU@mI9 , VhdtCXU@mI9 
222,Iona,Sandoval,Iona@61,Male,Malachi@nisl.net, Lg@50jEv , Lg@50jEv 
223,Wesley,Strong,Wesley@61,Female,Blythe@ipsum.com, xWzfq@E5KaNY , xWzfq@E5KaNY 
224,Cecilia,Allen,Cecilia@61,Male,Minerva@Cras.gov, ua2XZ@3d , ua2XZ@3d 
225,Clark,Keller,Clark@61,Male,Imelda@nonummy.net, sHf0D@k , sHf0D@k 
226,Sonya,Gay,Sonya@61,Female,Gemma@condimentum.us, 2h8r@Cdz , 2h8r@Cdz 
227,Reuben,Cohen,Reuben@61,Male,Jacob@Aenean.edu, j9Jkd6@dQ76 , j9Jkd6@dQ76 
228,Charissa,Barrett,Charissa@61,Male,Jack@augue.org, AF298@8 , AF298@8 
229,Aladdin,Miranda,Aladdin@61,Male,Serina@tincidunt.edu, afTIMx2@n3QdH , afTIMx2@n3QdH 
230,Edan,Mercado,Edan@61,Male,Ian@hymenaeos.gov, DbIg@VqAl7AkO , DbIg@VqAl7AkO 
231,Madonna,Pearson,Madonna@61,Male,Erich@aptent.us, 8LEwpy@s9s , 8LEwpy@s9s 
232,Blossom,Parker,Blossom@61,Male,Yen@euismod.org, JR7@Ps73 , JR7@Ps73 
233,Lois,Powell,Lois@61,Female,Kai@imperdiet.gov, tdS@JwGcor , tdS@JwGcor 
234,Raja,Dunlap,Raja@61,Female,Amethyst@ridiculus.edu, oS1Bb1@FyhWx , oS1Bb1@FyhWx 
235,Britanni,Wolfe,Britanni@61,Female,Callum@non.edu, yAWlanvC@o , yAWlanvC@o 
236,Orson,Farley,Orson@61,Male,Blythe@Phasellus.us, 24I56m0@nu , 24I56m0@nu 
237,Rachel,Finley,Rachel@61,Male,Tara@primis.edu, JjgfYw@yRtp , JjgfYw@yRtp 
238,Herman,Zamora,Herman@61,Male,Rajah@inceptos.us, ap4OY@UZyds , ap4OY@UZyds 
239,Gisela,Marsh,Gisela@61,Male,Xena@luctus.edu, 1lj@x5kBe , 1lj@x5kBe 
240,Burton,Velez,Burton@61,Male,Amena@mi.gov, HE@NZ10iT , HE@NZ10iT 
241,Flavia,Espinoza,Flavia@61,Female,Ruth@vehicula.us, GESV@6UV , GESV@6UV 
242,Ignatius,Mathis,Ignatius@61,Male,Angela@senectus.org, KhObS@a3DB , KhObS@a3DB 
243,Kirestin,Davis,Kirestin@61,Female,Mara@Cum.org, hex8@Re , hex8@Re 
244,Shelley,Maddox,Shelley@61,Male,Doris@euismod.us, zRLSeUD@zSunV , zRLSeUD@zSunV 
245,Ulla,Sutton,Ulla@61,Female,Andrew@turpis.com, jRG@vGCoD5hxJ , jRG@vGCoD5hxJ 
246,Gage,Eaton,Gage@61,Female,Quemby@vulputate.net, RkNO@04 , RkNO@04 
247,Asher,Dickson,Asher@61,Female,Lydia@eu.net, dIoWmGbF5KF@ , dIoWmGbF5KF@ 
248,Kieran,Gallegos,Kieran@61,Male,Nathan@inceptos.gov, Q16Lg7Tf4MZ8@ , Q16Lg7Tf4MZ8@ 
249,Lydia,Reyes,Lydia@61,Female,Buckminster@sociosqu.net, MoNCfZAeN@ , MoNCfZAeN@ 
250,Dante,Rogers,Dante@61,Female,Dawn@amet.net, M@QswQ46 , M@QswQ46 
251,Unity,Sims,Unity@61,Male,Vielka@ut.org, nDD@wE8oZfb , nDD@wE8oZfb 
252,Baxter,Sparks,Baxter@61,Female,Briar@nostra.gov, wsIrpg@aOcn0d , wsIrpg@aOcn0d 
253,Noel,Sargent,Noel@61,Female,Glenna@tortor.gov, It2vnuTtfU@ , It2vnuTtfU@ 
254,Kylan,Melendez,Kylan@61,Female,Germaine@rutrum.us, 6fVt6H@ , 6fVt6H@ 
255,Dorothy,Barrett,Dorothy@61,Male,Abel@per.com, wkKwInhEK@ , wkKwInhEK@ 
256,Leila,Love,Leila@61,Female,Jordan@porta.com, C9gm2ks@ , C9gm2ks@ 
257,William,Harrison,William@61,Male,Cora@faucibus.us, JDWaJmG@1ez5B , JDWaJmG@1ez5B 
258,Chaney,Pickett,Chaney@61,Female,Judah@vel.edu, GEH9v@CX , GEH9v@CX 
259,Connor,Garrison,Connor@61,Male,Damon@vehicula.org, 5Ls@3Jq , 5Ls@3Jq 
260,Ima,Bishop,Ima@61,Male,Jared@tellus.net, 3h@W7AY , 3h@W7AY 
261,Ian,Mcfadden,Ian@61,Male,Robin@augue.gov, suyl8@lx , suyl8@lx 
262,Freya,Baker,Freya@61,Female,Zena@eu.net, iFtq9@9 , iFtq9@9 
263,Zephr,Anderson,Zephr@61,Male,Clio@diam.edu, 0oT@bkInaE6D , 0oT@bkInaE6D 
264,Iliana,Stanton,Iliana@61,Male,Ralph@sagittis.gov, IwK@lUPe , IwK@lUPe 
265,Salvador,Ryan,Salvador@61,Female,Aquila@Duis.us, IF0exr0y@S , IF0exr0y@S 
266,Colorado,Hancock,Colorado@61,Female,Haviva@dui.net, z@FfK7rav , z@FfK7rav 
267,Uriel,Salas,Uriel@61,Female,Kasper@Curae.us, BLS4@NNh , BLS4@NNh 
268,India,Keith,India@61,Female,Octavia@sit.org, sPV@Owo3ej , sPV@Owo3ej 
269,Cheyenne,Stevenson,Cheyenne@61,Female,Miriam@tellus.us, Ha@d3YOef8 , Ha@d3YOef8 
270,Timothy,Miranda,Timothy@61,Female,Marah@semper.us, 11uT3@Mn , 11uT3@Mn 
271,McKenzie,Buckner,McKenzie@61,Male,Seth@ut.net, QRo0c5@Gf0e , QRo0c5@Gf0e 
272,Lillith,Berg,Lillith@61,Male,Christen@volutpat.org, J9Nu7h@UC7FH1 , J9Nu7h@UC7FH1 
273,Denton,Blake,Denton@61,Female,Burke@vulputate.gov, VgT@QCFwf , VgT@QCFwf 
274,Cynthia,Morales,Cynthia@61,Male,Tatyana@eleifend.gov, 2tf3Bh@wIZ2 , 2tf3Bh@wIZ2 
275,Whitney,Diaz,Whitney@61,Male,Magee@dapibus.org, 45Ut@Xqlt5 , 45Ut@Xqlt5 
276,Callum,Dejesus,Callum@61,Female,Theodore@dis.org, pemx@hA , pemx@hA 
277,Hedy,Kelly,Hedy@61,Female,Tatum@congue.net, 8SYc@V3En , 8SYc@V3En 
278,Isabella,Mueller,Isabella@61,Male,Hop@vestibulum.gov, vRKdBO@L0x , vRKdBO@L0x 
279,Melvin,Benjamin,Melvin@61,Female,Dora@lorem.net, LrekLYm@kqH , LrekLYm@kqH 
280,Sydney,Vasquez,Sydney@61,Male,Nissim@molestie.us, ocZkM3@UttL6 , ocZkM3@UttL6 
281,Aimee,Shelton,Aimee@61,Male,Virginia@enim.com, GsFaB2@m0YO , GsFaB2@m0YO 
282,Carly,Hayes,Carly@61,Male,Bert@Pellentesque.us, JAsqmV@UhxnEj , JAsqmV@UhxnEj 
283,Malik,Nash,Malik@61,Female,Raja@Nullam.us, fDuv@W7Pli85K , fDuv@W7Pli85K 
284,Nina,Powell,Nina@61,Male,Serina@libero.gov, L6AD6I@eF , L6AD6I@eF 
285,Duncan,Greene,Duncan@61,Male,Dara@enim.edu, bl2ii@RtPDcE7 , bl2ii@RtPDcE7 
286,Erin,Park,Erin@61,Male,Dean@pellentesque.us, MrU5nM@nr , MrU5nM@nr 
287,Benjamin,Mccarty,Benjamin@61,Female,Macaulay@pretium.gov, FNczVQ@ , FNczVQ@ 
288,Callum,Black,Callum@61,Female,Otto@magna.us, 4gj92B@pga , 4gj92B@pga 
289,Mufutau,Fowler,Mufutau@61,Male,Callie@ante.edu, yvtta@eotpw , yvtta@eotpw 
290,Raja,Leblanc,Raja@61,Male,Quon@varius.edu, iX1D@Xi , iX1D@Xi 
291,Jelani,Ryan,Jelani@61,Female,Selma@dictum.gov, 55g@I6Ur , 55g@I6Ur 
292,Karina,Stanley,Karina@61,Male,Xander@dui.net, i8@3UCgRXV , i8@3UCgRXV 
293,Chase,Davis,Chase@61,Female,Nolan@convallis.com, wS1Y@z4e5 , wS1Y@z4e5 
294,Nehru,Durham,Nehru@61,Male,Beau@augue.edu, VNTs@kgZ , VNTs@kgZ 
295,Kylee,Sherman,Kylee@61,Male,Glenna@ullamcorper.com, r4r@hnxbluNc , r4r@hnxbluNc 
296,Mariko,Brock,Mariko@61,Male,Nathan@libero.com, ThXr@UM6 , ThXr@UM6 
297,Valentine,Golden,Valentine@61,Male,Avram@blandit.org, NC9@rpfvo , NC9@rpfvo 
298,Isadora,Justice,Isadora@61,Female,Camille@porta.edu, ysA0@kL9TlZ , ysA0@kL9TlZ 
299,Howard,Nichols,Howard@61,Female,Melissa@Duis.net, taFBa@6p1 , taFBa@6p1 
300,Matthew,Farrell,Matthew@61,Female,Mary@Etiam.edu, Jmrll1@ , Jmrll1@ 
301,Jaquelyn,Ramos,Jaquelyn@61,Female,Hayley@nonummy.com, rQLN@yb4ViI , rQLN@yb4ViI 
302,Ann,King,Ann@61,Male,Dalton@viverra.net, ejjC@x9S03 , ejjC@x9S03 
303,Maisie,Burnett,Maisie@61,Male,Ebony@nunc.gov, awl@lhA1 , awl@lhA1 
304,Justin,Caldwell,Justin@61,Female,Amery@condimentum.org, wgdzd7JtK@bW , wgdzd7JtK@bW 
305,Cameron,Richmond,Cameron@61,Male,Blake@inceptos.net, SqMPesv@h , SqMPesv@h 
306,Charde,Richards,Charde@61,Female,Stephanie@lacus.edu, 881c@1W8Qk , 881c@1W8Qk 
307,Cameran,Potter,Cameran@61,Female,Callum@molestie.us, CoQ@zMA , CoQ@zMA 
308,Echo,Hardin,Echo@61,Male,Laith@eu.gov, IxJX@8969Y2p , IxJX@8969Y2p 
309,Autumn,Mcintosh,Autumn@61,Male,Wallace@netus.org, m1w@9ckK , m1w@9ckK 
310,Clementine,Ortega,Clementine@61,Female,Alma@enim.com, Nqi@MAXvU , Nqi@MAXvU 
311,Ainsley,Hickman,Ainsley@61,Male,Jonah@sollicitudin.us, bNf@1jtlA , bNf@1jtlA 
312,Noble,Pennington,Noble@61,Female,Nayda@leo.com, scBh@r7nqMXkN , scBh@r7nqMXkN 
313,Margaret,Wheeler,Margaret@61,Male,Upton@hymenaeos.us, DRn!55r , DRn!55r 
314,Keefe,Stout,Keefe@61,Female,Kenneth@venenatis.gov, bV1yM!sg8QHeU , bV1yM!sg8QHeU 
315,Leroy,Mcintosh,Leroy@61,Female,James@faucibus.gov, vVCLo!1IA , vVCLo!1IA 
316,Stewart,Crawford,Stewart@61,Male,Rinah@vel.net, dm34XX!5Wxaj , dm34XX!5Wxaj 
317,Tanner,Matthews,Tanner@61,Female,Jessamine@penatibus.us, BvzjBdiiGu#pS , BvzjBdiiGu#pS 
318,Tad,Holloway,Tad@61,Female,Harding@magna.com, jnWiRA!6hmMWN , jnWiRA!6hmMWN 
319,Pamela,Abbott,Pamela@61,Male,Ivor@Etiam.edu, lXNi@1BFLY , lXNi@1BFLY 
320,Olga,Delacruz,Olga@61,Male,Karleigh@erat.edu, ahC!GwirMv9 , ahC!GwirMv9 
321,Ginger,Carson,Ginger@61,Male,Olivia@Curae.org, wt!Kin10 , wt!Kin10 
322,Jarrod,Jimenez,Jarrod@61,Female,Connor@penatibus.net, hlhIL!vrehzC8 , hlhIL!vrehzC8 
323,Kylie,Oliver,Kylie@61,Male,Tobias@Sed.edu, Ibn5f!CM , Ibn5f!CM 
324,Edward,Whitaker,Edward@61,Female,Cecilia@non.com, m5dc1!iqlENt5 , m5dc1!iqlENt5 
325,Alfonso,Boyle,Alfonso@61,Female,Stewart@sodales.us, h0cV!WUWsuF , h0cV!WUWsuF 
326,Dominique,Frazier,Dominique@61,Female,Kirsten@eget.gov, b2acb!CMZpvs , b2acb!CMZpvs 
327,Adrian,Humphrey,Adrian@61,Male,Walker@Pellentesque.edu, Dya!U4mMt0Ch , Dya!U4mMt0Ch 
328,Clayton,Chen,Clayton@61,Male,Reece@ipsum.net, JmpndZ#ZCf5 , JmpndZ#ZCf5 
329,Ella,Russo,Ella@61,Male,Maisie@inceptos.gov, JjWS!5#8jV , JjWS!5#8jV 
330,Dale,Henry,Dale@61,Female,Frances@Etiam.net, bsO8!Tx4TF , bsO8!Tx4TF 
331,Dieter,Rivas,Dieter@61,Female,Idola@iaculis.us, PzGt!yWmr , PzGt!yWmr 
332,Deborah,Lancaster,Deborah@61,Male,Rama@primis.net, LTV2I@oWF , LTV2I@oWF 
333,Lucian,Mcneil,Lucian@61,Male,Yardley@laoreet.us, g9iO@xR0OM1 , g9iO@xR0OM1 
334,Roth,Waters,Roth@61,Female,Mohammad@Praesent.us, klkiaN@1mHKX , klkiaN@1mHKX 
335,Clare,Baker,Clare@61,Female,Stacy@conubia.us, ewZFPI@tziBw , ewZFPI@tziBw 
336,Autumn,Wiggins,Autumn@61,Male,Katelyn@malesuada.gov, ZH7@xwZy , ZH7@xwZy 
337,Dennis,Bowen,Dennis@61,Female,Tara@Donec.net, kUut7@siou , kUut7@siou 
338,Stone,Wooten,Stone@61,Male,Avye@sem.gov, 6TvTY@zuM1 , 6TvTY@zuM1 
339,Kirsten,Mcgowan,Kirsten@61,Male,Ora@convallis.com, Yjoowp@1ONxaLX , Yjoowp@1ONxaLX 
340,Drew,Lynn,Drew@61,Female,Hilel@euismod.us, oB3Tk@QGhQQu9 , oB3Tk@QGhQQu9 
341,Jameson,Adams,Jameson@61,Female,Keith@nibh.edu, GvvA@Y6a5I1 , GvvA@Y6a5I1 
342,Summer,Bean,Summer@61,Male,Steven@fringilla.edu, rKxk@1cs , rKxk@1cs 
343,Rahim,Cohen,Rahim@61,Female,Bradley@eget.gov, MG4z@G9lf7 , MG4z@G9lf7 
344,Lee,Waters,Lee@61,Male,Reese@sagittis.us, LKsWh@1nrTwmPO , LKsWh@1nrTwmPO 
345,Adam,Castaneda,Adam@61,Male,Kellie@malesuada.edu, jK7eh@ouVGEfz , jK7eh@ouVGEfz 
346,Priscilla,Joyce,Priscilla@61,Female,Ali@vestibulum.edu, Ccso@2yop , Ccso@2yop 
347,Alan,Fleming,Alan@61,Female,Lane@nostra.com, ulh@SsHk , ulh@SsHk 
348,Zelda,Ellis,Zelda@61,Male,Amir@eros.edu, 7RN@aN0I , 7RN@aN0I 
349,Abbot,Gamble,Abbot@61,Female,Byron@Cras.gov, 7dJWQ@N7yjM3A , 7dJWQ@N7yjM3A 
350,Destiny,Whitehead,Destiny@61,Male,Ariana@lorem.net, IbhjQ@1aY , IbhjQ@1aY 
351,Tiger,Cabrera,Tiger@61,Male,Zahir@imperdiet.com, Ozoup@Vzp1 , Ozoup@Vzp1 
352,Raphael,Whitehead,Raphael@61,Female,Todd@vel.org, j9Tnpx@TNskli , j9Tnpx@TNskli 
353,Hiram,Collier,Hiram@61,Female,Ishmael@laoreet.net, VRON@h7bZY , VRON@h7bZY 
354,Kasper,Wilkinson,Kasper@61,Male,Shaine@ullamcorper.com, JVeF4@Ko2n7 , JVeF4@Ko2n7 
355,Guinevere,Duncan,Guinevere@61,Male,Marah@fames.org, VzlPE@faVknR4 , VzlPE@faVknR4 
356,Susan,Bolton,Susan@61,Female,Hedley@est.edu, wBV@1joT , wBV@1joT 
357,Hunter,Combs,Hunter@61,Male,Forrest@Duis.org, wblI@AK , wblI@AK 
358,Amity,Leach,Amity@61,Female,Stewart@rutrum.net, zaBw@SdnPHuCj , zaBw@SdnPHuCj 
359,Stuart,Willis,Stuart@61,Female,Dorian@placerat.net, Pi3G@PXXu , Pi3G@PXXu 
360,Dennis,Hernandez,Dennis@61,Female,Jason@nec.org, jTff5tX@s1XdS , jTff5tX@s1XdS 
361,Ashton,Frye,Ashton@61,Female,Benjamin@turpis.com, LESly@eII5z8w , LESly@eII5z8w 
362,Denton,Winters,Denton@61,Female,Paul@montes.org, 71Kk@g6Jw , 71Kk@g6Jw 
363,Preston,Rose,Preston@61,Female,Brent@Proin.com, QxqK@7BUYSL , QxqK@7BUYSL 
364,Stacey,Gregory,Stacey@61,Male,Christine@magnis.com, iLsu9KM@GZGXE , iLsu9KM@GZGXE 
365,Berk,Ashley,Berk@61,Female,Ishmael@facilisis.org, aKQFjf@Fik , aKQFjf@Fik 
366,Bevis,Parks,Bevis@61,Male,Ryder@lorem.com, PLDiUhb@hivhF , PLDiUhb@hivhF 
367,Cara,Ferguson,Cara@61,Male,Mikayla@Nunc.gov, q3lOg@AJqr2P , q3lOg@AJqr2P 
368,Guy,Odom,Guy@61,Female,Imelda@Curae.com, FZuE@0KSC , FZuE@0KSC 
369,Celeste,Noble,Celeste@61,Male,Keefe@penatibus.org, nvcK3@Bp6q , nvcK3@Bp6q 
370,Lacota,Calderon,Lacota@61,Male,Simon@mattis.us, JpqhT@bYRR , JpqhT@bYRR 
371,Ariana,Prince,Ariana@61,Male,Hammett@in.edu, Bdgn5@c , Bdgn5@c 
372,Patrick,Reese,Patrick@61,Male,Halla@leo.us, oKtVX@27j4M , oKtVX@27j4M 
373,Kennedy,Thomas,Kennedy@61,Female,Macy@ligula.gov, 2Q4THh@UHWRk , 2Q4THh@UHWRk 
374,Mona,Brock,Mona@61,Male,Yvette@odio.com, H4j6@jEMfR , H4j6@jEMfR 
375,Phoebe,Wright,Phoebe@61,Male,Dominic@suscipit.gov, luXkqO@ , luXkqO@ 
376,Ora,Holt,Ora@61,Male,Quentin@augue.us, Up6gja@bJ , Up6gja@bJ 
377,Price,Schroeder,Price@61,Female,Chadwick@purus.org, VtgyV8@I , VtgyV8@I 
378,Tallulah,Knapp,Tallulah@61,Female,Maxwell@non.com, cY4W@O0wrCU9 , cY4W@O0wrCU9 
379,Cheryl,Zimmerman,Cheryl@61,Female,Tyrone@velit.edu, EEaE@eJL8e6N7 , EEaE@eJL8e6N7 
380,Rana,Garner,Rana@61,Female,Grace@rhoncus.us, AhY@YFCW , AhY@YFCW 
381,Lacy,Austin,Lacy@61,Male,Colleen@Lorem.us, oBUGI3@Grt , oBUGI3@Grt 
382,Darryl,Hammond,Darryl@61,Male,Colorado@sollicitudin.us, wxi4tE2n@w , wxi4tE2n@w 
383,Burke,Benjamin,Burke@61,Male,Quemby@quis.gov, vG1bgY@DhgJd , vG1bgY@DhgJd 
384,Erica,Levine,Erica@61,Female,Gloria@amet.net, fp3SMf@5jzp , fp3SMf@5jzp 
385,Joseph,Spencer,Joseph@61,Female,Ronan@Maecenas.us, lWMm@00X2H , lWMm@00X2H 
386,Garrett,Sparks,Garrett@61,Male,Chancellor@pretium.net, 1uFD@ud2cUWpT , 1uFD@ud2cUWpT 
387,John,Parker,John@61,Female,Amanda@mi.org, HV@dnP3 , HV@dnP3 
388,Kasimir,Dunn,Kasimir@61,Female,Blaze@facilisis.us, Qqpm@nPSeZ , Qqpm@nPSeZ 
389,Yoshi,Jefferson,Yoshi@61,Male,Kato@tempus.gov, kmZF@6WOe , kmZF@6WOe 
390,Aurora,Osborn,Aurora@61,Male,Yoshi@ligula.net, UgT9d@i8CA07 , UgT9d@i8CA07 
391,Kelly,Walsh,Kelly@61,Female,Jolie@Cum.gov, 0WNf@T09E , 0WNf@T09E 
392,Jillian,Knapp,Jillian@61,Female,Jemima@tempus.edu, BQkGq@cBtmFcl , BQkGq@cBtmFcl 
393,Abbot,Banks,Abbot@61,Male,Melyssa@ipsum.gov, 8DB@FCP , 8DB@FCP 
394,Cole,Guerrero,Cole@61,Male,Joan@suscipit.edu, ZPzPg@xiN1Kl3 , ZPzPg@xiN1Kl3 
395,Rajah,Rivas,Rajah@61,Female,Katelyn@porttitor.net, Pid@fXB99 , Pid@fXB99 
396,Quail,Gaines,Quail@61,Male,Martin@massa.us, Q0DAK@XYnO6 , Q0DAK@XYnO6 
397,Kylynn,Price,Kylynn@61,Male,Amy@elementum.org, ETcrT@1Mb , ETcrT@1Mb 
398,Cassandra,Bass,Cassandra@61,Female,Nehru@urna.gov, oQj9hjk@HvXgk , oQj9hjk@HvXgk 
399,Margaret,Gallegos,Margaret@61,Male,Geoffrey@ad.com, hT5smC@mZ2n5A , hT5smC@mZ2n5A 
400,August,Serrano,August@61,Male,Dominique@faucibus.net, J91dC@tsl9Yif , J91dC@tsl9Yif 
401,Felicia,Orr,Felicia@61,Male,Emery@nec.us, 3KsZx@BXEV , 3KsZx@BXEV 
402,Emma,Cooley,Emma@61,Female,Leslie@sapien.us, SxZcSSR@a , SxZcSSR@a 
403,Nehru,Allen,Nehru@61,Male,Ezra@nostra.edu, 8W3@Wwi , 8W3@Wwi 
404,Fallon,England,Fallon@61,Male,Fatima@erat.us, wU@1vepDhCZY , wU@1vepDhCZY 
405,Scarlett,Gamble,Scarlett@61,Male,Preston@ante.com, zlap@1iNpb , zlap@1iNpb 
406,Ralph,Hays,Ralph@61,Male,Audra@magnis.edu, aaTf@CiC5 , aaTf@CiC5 
407,Avye,Weaver,Avye@61,Female,Amber@semper.net, ihltAD@1KzdK , ihltAD@1KzdK 
408,Yvonne,Cleveland,Yvonne@61,Male,Nadine@Aenean.us, R9gfTcM@0F8 , R9gfTcM@0F8 
409,Winter,Blackburn,Winter@61,Male,Ciaran@vel.edu, IS0eDm1@V , IS0eDm1@V 
410,Noel,Nixon,Noel@61,Male,Aurelia@Praesent.edu, CyX@1uaDuR , CyX@1uaDuR 
411,Macaulay,Skinner,Macaulay@61,Female,Porter@tempus.net, Oyqz@1oe , Oyqz@1oe 
412,Plato,Bauer,Plato@61,Male,Brenden@ultrices.gov, nVyV@1Wp , nVyV@1Wp 
413,Jolie,Berry,Jolie@61,Male,Philip@Praesent.us, 0Wok@Nn4rg , 0Wok@Nn4rg 
414,Daryl,Casey,Daryl@61,Female,Blythe@eros.us, vYlJ7@1Jj0o , vYlJ7@1Jj0o 
415,Jolene,Patel,Jolene@61,Male,Maggy@facilisi.edu, TZ8cb@U8G , TZ8cb@U8G 
416,Asher,Shaffer,Asher@61,Male,Jacob@ad.net, hz9@qeJ9 , hz9@qeJ9 
417,Iola,Cook,Iola@61,Male,Farrah@consequat.org, Bhs6I1@eO5hR , Bhs6I1@eO5hR 
418,Fletcher,Haney,Fletcher@61,Male,Prescott@imperdiet.edu, vPjx2@n8ODv , vPjx2@n8ODv 
419,Wayne,Larson,Wayne@61,Female,Chester@purus.net, joNH2x@yPBf3 , joNH2x@yPBf3 
420,Beatrice,Lamb,Beatrice@61,Male,Leigh@nibh.org, ualQ6UGqynf@1k , ualQ6UGqynf@1k 
421,Kimberly,Perry,Kimberly@61,Female,Isabelle@netus.gov, Aara@1tC , Aara@1tC 
422,Quinn,Myers,Quinn@61,Female,Scarlet@diam.gov, z07SHk@M , z07SHk@M 
423,Fallon,Crane,Fallon@61,Male,Michael@ac.gov, CVhI@1FlT , CVhI@1FlT 
424,Hadassah,Daniel,Hadassah@61,Male,Thane@Vestibulum.us, kcgK@1eC , kcgK@1eC 
425,Doris,Sandoval,Doris@61,Male,Leroy@Ut.edu, Z1Gm@BL6csm , Z1Gm@BL6csm 
426,Vaughan,Allen,Vaughan@61,Female,Thor@magnis.gov, 2Wq0@Ev , 2Wq0@Ev 
427,Justine,Flynn,Justine@61,Female,Ronan@tortor.org, f68@sSy6H , f68@sSy6H 
428,Michael,Caldwell,Michael@61,Male,Lee@facilisi.edu, UluC@1Ls , UluC@1Ls 
429,Justina,Mcpherson,Justina@61,Female,Ahmed@lacinia.edu, Jg1IAL@xzaf , Jg1IAL@xzaf 
430,Clinton,Singleton,Clinton@61,Female,Isaac@dis.org, pHEYz@Akwul9Z , pHEYz@Akwul9Z 
431,Hammett,Frederick,Hammett@61,Female,Ulla@sodales.org, ikKh@uzqWV , ikKh@uzqWV 
432,Medge,Torres,Medge@61,Female,Claudia@morbi.org, 5PqpK@mMy7UY , 5PqpK@mMy7UY 
433,Damian,Wilkins,Damian@61,Female,Kirestin@volutpat.org, peCUG@Xzzvr , peCUG@Xzzvr 
434,Edan,Terrell,Edan@61,Male,Belle@Morbi.com, JECmi@H91 , JECmi@H91 
435,Judah,Reese,Judah@61,Female,Benedict@ullamcorper.net, HW3q@Z60 , HW3q@Z60 
436,Chadwick,Herring,Chadwick@61,Male,Acton@quam.com, QjW@BRrRZg , QjW@BRrRZg 
437,Jocelyn,Cooper,Jocelyn@61,Female,April@tempor.edu, eVV@0AFj , eVV@0AFj 
438,Yolanda,Wade,Yolanda@61,Female,Joan@nibh.net, xA7S@VcVfWd , xA7S@VcVfWd 
439,Sacha,Emerson,Sacha@61,Female,Cameron@sagittis.gov, oWZZ@87FWvs , oWZZ@87FWvs 
440,Kiona,Wagner,Kiona@61,Female,Keefe@suscipit.com, HqU@p8o , HqU@p8o 
441,Keefe,Hanson,Keefe@61,Female,Doris@mollis.org, 7X479@Yifs , 7X479@Yifs 
442,Ramona,Fischer,Ramona@61,Female,Karen@risus.org, KSEF@JZ1fFLWP , KSEF@JZ1fFLWP 
443,Yetta,Reynolds,Yetta@61,Female,Dustin@ultricies.org, YTaU6@QWH1X4 , YTaU6@QWH1X4 
444,Harding,Whitehead,Harding@61,Female,Sydney@quis.com, SVB@1ffuE , SVB@1ffuE 
445,Shellie,Townsend,Shellie@61,Female,Maggy@pharetra.us, kKFE@1KjPqY , kKFE@1KjPqY 
446,Delilah,Mccall,Delilah@61,Female,Giselle@Sed.com, 064h@4yrnySt7 , 064h@4yrnySt7 
447,Ahmed,Sanford,Ahmed@61,Female,Baxter@Phasellus.com, yh@Vy19uCXLok , yh@Vy19uCXLok 
448,Dillon,Brock,Dillon@61,Female,Guinevere@Nulla.us, Etx@ZNz4 , Etx@ZNz4 
449,Allistair,Wilkins,Allistair@61,Male,Rosalyn@pede.org, eabS@GFhd1Q , eabS@GFhd1Q 
450,Brett,Hartman,Brett@61,Male,Jonas@scelerisque.edu, dbrJK@1AmmQ , dbrJK@1AmmQ 
451,Arsenio,Randolph,Arsenio@61,Female,Beau@Nam.gov, bXK@1IeJc , bXK@1IeJc 
452,Elaine,Keller,Elaine@61,Male,Penelope@aliquam.edu, IS4D@E3 , IS4D@E3 
453,Miriam,Hebert,Miriam@61,Male,Bree@Cras.edu, VJm9@5K29 , VJm9@5K29 
454,Keegan,Sharpe,Keegan@61,Female,Maite@nostra.gov, f4HCgr@Vr1zo , f4HCgr@Vr1zo 
455,Nissim,Valdez,Nissim@61,Male,Harriet@Pellentesque.us, xDL@r3Nz0CZK , xDL@r3Nz0CZK 
456,Cain,Chapman,Cain@61,Female,Sandra@ante.gov, 0um@PJw , 0um@PJw 
457,Deborah,Bradford,Deborah@61,Female,Forrest@a.net, cLWcAR@1ta , cLWcAR@1ta 
458,Amal,Finley,Amal@61,Male,Neil@dignissim.com, WLI9tTJr@H , WLI9tTJr@H 
459,Aristotle,Davenport,Aristotle@61,Female,Grace@pulvinar.edu, Tm@agx7 , Tm@agx7 
460,Devin,Marquez,Devin@61,Female,Rudyard@faucibus.edu, azo@msgv , azo@msgv 
461,Reuben,Mosley,Reuben@61,Male,Sylvester@laoreet.com, Hu@Ddcc , Hu@Ddcc 
462,Piper,Warren,Piper@61,Male,Charde@faucibus.edu, 8dLaaA@8x48e , 8dLaaA@8x48e 
463,Teagan,Russell,Teagan@61,Female,Evangeline@magna.us, jcgaxqL@VySIF , jcgaxqL@VySIF 
464,Phoebe,Britt,Phoebe@61,Female,Keaton@penatibus.net, nZjTmc@HTR , nZjTmc@HTR 
465,Blake,Mosley,Blake@61,Male,Samuel@Integer.edu, Djy@Xh9pRKP , Djy@Xh9pRKP 
466,Olga,Franks,Olga@61,Male,Stacey@lobortis.gov, 0nTrE2@1ivUi2 , 0nTrE2@1ivUi2 
467,Brennan,Nieves,Brennan@61,Male,Francesca@felis.edu, sCZ05@dfE , sCZ05@dfE 
468,Eve,Cameron,Eve@61,Female,Kerry@Duis.edu, ma@kOr18 , ma@kOr18 
469,Harrison,Roman,Harrison@61,Male,Mufutau@Ut.us, mJFd@3qKz , mJFd@3qKz 
470,Alvin,Neal,Alvin@61,Male,Owen@dolor.com, Fuo1Gh@2aXQ0c , Fuo1Gh@2aXQ0c 
471,Rama,Lambert,Rama@61,Male,Randall@pede.net, FQ@J9Zo , FQ@J9Zo 
472,Caesar,Ryan,Caesar@61,Male,Wyatt@Nullam.net, n6eQ@Rtiz , n6eQ@Rtiz 
473,Cain,Tyson,Cain@61,Female,Gray@et.com, WAyVj@wFWR , WAyVj@wFWR 
474,Ciaran,Garza,Ciaran@61,Male,Gregory@natoque.us, VhdtCXU@mI10 , VhdtCXU@mI10 
475,Vera,Burns,Vera@61,Female,Leilani@arcu.com, Lg@50jEv , Lg@50jEv 
476,Doris,Parrish,Doris@61,Male,Griffith@eleifend.edu, xWzfq@E5KaNY , xWzfq@E5KaNY 
477,Chanda,Garcia,Chanda@61,Male,Marsden@pharetra.com, ua2XZ@3d , ua2XZ@3d 
478,Leroy,Mcbride,Leroy@61,Male,Martina@taciti.gov, sHf0D@k , sHf0D@k 
479,Ulla,Short,Ulla@61,Female,Ashely@hendrerit.gov, 2h8r@Cdz , 2h8r@Cdz 
480,Haley,Whitfield,Haley@61,Female,Scott@quam.net, j9Jkd6@dQ77 , j9Jkd6@dQ77 
481,Jaime,Shepherd,Jaime@61,Female,Pearl@vulputate.org, AF298@9 , AF298@9 
482,Brianna,Leonard,Brianna@61,Female,Eaton@a.com, afTIMx2@n3QdH , afTIMx2@n3QdH 
483,Alfreda,Cain,Alfreda@61,Male,Channing@bibendum.com, DbIg@VqAl7AkO , DbIg@VqAl7AkO 
484,Nasim,Potts,Nasim@61,Female,Joel@libero.com, 8LEwpy@s9s , 8LEwpy@s9s 
485,Dieter,Kennedy,Dieter@61,Female,Lillith@congue.net, JR7@Ps74 , JR7@Ps74 
486,Helen,Campbell,Helen@61,Female,Fiona@suscipit.net, tdS@JwGcor , tdS@JwGcor 
487,Nicole,Lamb,Nicole@61,Male,Olivia@dolor.com, oS1Bb1@FyhWx , oS1Bb1@FyhWx 
488,Kasper,Macdonald,Kasper@61,Female,Maisie@bibendum.gov, yAWlanvC@o , yAWlanvC@o 
489,Irma,Bright,Irma@61,Female,Fulton@per.com, 24I56m0@nu , 24I56m0@nu 
490,Cruz,Burch,Cruz@61,Female,Colt@ad.us, JjgfYw@yRtp , JjgfYw@yRtp 
491,Ori,Carney,Ori@61,Female,Angela@hymenaeos.us, ap4OY@UZyds , ap4OY@UZyds 
492,Ciaran,Pate,Ciaran@61,Male,Hayden@montes.net, 1lj@x5kBe , 1lj@x5kBe 
493,Forrest,Hensley,Forrest@61,Male,Clio@consectetuer.net, HE@NZ10iT , HE@NZ10iT 
494,Maia,Roy,Maia@61,Male,Shad@aptent.gov, GESV@6UV , GESV@6UV 
495,Herrod,Perkins,Herrod@61,Male,Hashim@a.edu, KhObS@a3DB , KhObS@a3DB 
496,Tanisha,Chandler,Tanisha@61,Female,Hoyt@Aenean.gov, hex8@Re , hex8@Re 
497,Sybill,Torres,Sybill@61,Male,Quintessa@libero.com, zRLSeUD@zSunV , zRLSeUD@zSunV 
498,Alma,Cantrell,Alma@61,Female,Lucas@rhoncus.net, jRG@vGCoD5hxJ , jRG@vGCoD5hxJ 
499,Lewis,Wilder,Lewis@61,Male,Keegan@aliquam.net, RkNO@05 , RkNO@05 
500,Erich,Anthony,Erich@61,Male,Cleo@Pellentesque.org, dIoWmGbF5KF@ , dIoWmGbF5KF@ 
501,Zeph,Newton,Zeph@61,Female,Bert@ligula.us, Q16Lg7Tf4MZ8@ , Q16Lg7Tf4MZ8@ 
502,Sacha,Guerra,Sacha@61,Male,Uriel@urna.edu, MoNCfZAeN@ , MoNCfZAeN@ 
503,Owen,Witt,Owen@61,Male,Nash@dolor.org, M@QswQ47 , M@QswQ47 
504,Brenden,Oconnor,Brenden@61,Male,Honorato@augue.edu, nDD@wE8oZfb , nDD@wE8oZfb 
505,George,Powers,George@61,Female,Dai@vehicula.net, wsIrpg@aOcn0d , wsIrpg@aOcn0d 
506,Lee,Pearson,Lee@61,Female,Lee@In.gov, It2vnuTtfU@ , It2vnuTtfU@ 
507,Kay,Vargas,Kay@61,Male,Otto@posuere.com, 6fVt6H@ , 6fVt6H@ 
508,Byron,Richard,Byron@61,Female,Michael@felis.us, wkKwInhEK@ , wkKwInhEK@ 
509,Dalton,Wilkerson,Dalton@61,Female,Zachery@Curabitur.org, C9gm2ks@ , C9gm2ks@ 
510,Brett,Clarke,Brett@61,Female,Benedict@eu.net, JDWaJmG@1ez5B , JDWaJmG@1ez5B 
511,Reagan,Hodges,Reagan@61,Male,Leslie@malesuada.edu, GEH9v@CX , GEH9v@CX 
512,Keiko,Ferguson,Keiko@61,Male,Kylee@lacinia.org, 5Ls@3Jq , 5Ls@3Jq 
513,Yvonne,Newman,Yvonne@61,Male,Wallace@Fusce.us, 3h@W7AY , 3h@W7AY 
514,Jenette,Gonzalez,Jenette@61,Male,Dennis@nunc.edu, suyl8@lx , suyl8@lx 
515,Sawyer,Ware,Sawyer@61,Male,Ebony@ut.edu, iFtq9@10 , iFtq9@10 
516,Macey,Burgess,Macey@61,Female,Reagan@purus.com, 0oT@bkInaE6D , 0oT@bkInaE6D 
517,Brian,Hodges,Brian@61,Male,Jesse@Phasellus.edu, IwK@lUPe , IwK@lUPe 
518,Rashad,Owen,Rashad@61,Male,Jakeem@odio.net, IF0exr0y@S , IF0exr0y@S 
519,Kylee,Ward,Kylee@61,Male,Nerea@ultricies.gov, z@FfK7rav , z@FfK7rav 
520,Hilel,Douglas,Hilel@61,Male,Dylan@Cras.us, BLS4@NNh , BLS4@NNh 
521,Benedict,Goodwin,Benedict@61,Male,Marshall@nec.gov, sPV@Owo3ej , sPV@Owo3ej 
522,Shelly,Espinoza,Shelly@61,Female,Cody@enim.edu, Ha@d3YOef9 , Ha@d3YOef9 
523,Jared,Frost,Jared@61,Female,Chiquita@lobortis.org, 11uT3@Mn , 11uT3@Mn 
524,Jayme,Reyes,Jayme@61,Female,Mechelle@lacinia.gov, QRo0c5@Gf0e , QRo0c5@Gf0e 
525,Macon,Sexton,Macon@61,Female,Derek@urna.us, J9Nu7h@UC7FH2 , J9Nu7h@UC7FH2 
526,Denton,Mercer,Denton@61,Male,Justin@aptent.gov, VgT@QCFwf , VgT@QCFwf 
527,Stewart,Meyer,Stewart@61,Female,Logan@quam.us, 2tf3Bh@wIZ3 , 2tf3Bh@wIZ3 
528,Beau,Hendrix,Beau@61,Female,Chandler@malesuada.edu, 45Ut@Xqlt6 , 45Ut@Xqlt6 
529,Macy,Chen,Macy@61,Female,Adara@scelerisque.net, pemx@hA , pemx@hA 
530,Keelie,Sosa,Keelie@61,Female,Tanisha@iaculis.gov, 8SYc@V3En , 8SYc@V3En 
531,Keiko,Blackwell,Keiko@61,Male,Amal@cubilia.us, vRKdBO@L0x , vRKdBO@L0x 
532,Sawyer,Davis,Sawyer@61,Male,Ariana@sapien.edu, LrekLYm@kqH , LrekLYm@kqH 
533,Kennan,Foreman,Kennan@61,Female,Maya@lacus.gov, ocZkM3@UttL7 , ocZkM3@UttL7 
534,Emi,Bauer,Emi@61,Female,Harriet@vel.com, GsFaB2@m0YO , GsFaB2@m0YO 
535,Marcia,Moody,Marcia@61,Male,Louis@sit.com, JAsqmV@UhxnEj , JAsqmV@UhxnEj 
536,Brielle,Benson,Brielle@61,Male,Martin@ac.us, fDuv@W7Pli85K , fDuv@W7Pli85K 
537,Yael,Patton,Yael@61,Male,Tad@euismod.org, L6AD6I@eF , L6AD6I@eF 
538,Dai,Pitts,Dai@61,Male,Nadine@molestie.us, bl2ii@RtPDcE8 , bl2ii@RtPDcE8 
539,Len,Mcfadden,Len@61,Male,Mechelle@urna.edu, MrU5nM@nr , MrU5nM@nr 
540,Jakeem,Boyd,Jakeem@61,Female,Constance@semper.net, FNczVQ@ , FNczVQ@ 
541,Ignatius,Thompson,Ignatius@61,Male,Reese@Cum.edu, 4gj92B@pga , 4gj92B@pga 
542,Zephr,Erickson,Zephr@61,Female,Joelle@et.org, yvtta@eotpw , yvtta@eotpw 
543,Gavin,Ward,Gavin@61,Male,Mufutau@tristique.edu, iX1D@Xi , iX1D@Xi 
544,Roth,Boyer,Roth@61,Female,Ronan@Cras.us, 55g@I6Ur , 55g@I6Ur 
545,Magee,Morton,Magee@61,Female,Rigel@mattis.com, i8@3UCgRXV , i8@3UCgRXV 
546,Bruno,Jacobs,Bruno@61,Male,Erin@lobortis.com, wS1Y@z4e6 , wS1Y@z4e6 
547,Rebekah,Jenkins,Rebekah@61,Male,Britanni@dolor.edu, VNTs@kgZ , VNTs@kgZ 
548,Macaulay,Anderson,Macaulay@61,Male,Prescott@viverra.edu, r4r@hnxbluNc , r4r@hnxbluNc 
549,Haley,Williams,Haley@61,Female,Gage@montes.us, ThXr@UM7 , ThXr@UM7 
550,Hakeem,Pearson,Hakeem@61,Male,Norman@Duis.edu, NC9@rpfvo , NC9@rpfvo 
551,Herman,Whitney,Herman@61,Male,Vincent@accumsan.com, ysA0@kL9TlZ , ysA0@kL9TlZ 
552,Joseph,Trujillo,Joseph@61,Male,Felicia@penatibus.gov, taFBa@6p2 , taFBa@6p2 
553,Odette,Herring,Odette@61,Female,Isabelle@ut.com, Jmrll1@ , Jmrll1@ 
554,Kiayada,Barron,Kiayada@61,Female,Steven@diam.gov, rQLN@yb4ViI , rQLN@yb4ViI 
555,Alika,Armstrong,Alika@61,Female,Sylvester@pulvinar.com, ejjC@x9S04 , ejjC@x9S04 
556,Zane,Campbell,Zane@61,Male,Rooney@neque.org, awl@lhA2 , awl@lhA2 
557,Nero,Erickson,Nero@61,Female,Adena@fermentum.edu, wgdzd7JtK@bW , wgdzd7JtK@bW 
558,Plato,Sanford,Plato@61,Female,Kennedy@Sed.us, SqMPesv@h , SqMPesv@h 
559,Brenden,Holmes,Brenden@61,Female,Lyle@quis.com, 881c@1W8Qk , 881c@1W8Qk 
560,Fredericka,Trujillo,Fredericka@61,Female,Hadassah@ante.gov, CoQ@zMA , CoQ@zMA 
561,Yoshi,Rhodes,Yoshi@61,Male,Fleur@Mauris.net, IxJX@8969Y2p , IxJX@8969Y2p 
562,Petra,Hester,Petra@61,Male,Sybill@velit.us, m1w@9ckK , m1w@9ckK 
563,Ainsley,Bradford,Ainsley@61,Male,Zephr@Nunc.net, Nqi@MAXvU , Nqi@MAXvU 
564,Lesley,Guthrie,Lesley@61,Female,Craig@lobortis.us, bNf@1jtlA , bNf@1jtlA 
565,Vaughan,Chaney,Vaughan@61,Male,Melyssa@est.org, scBh@r7nqMXkN , scBh@r7nqMXkN 
566,Akeem,Davis,Akeem@61,Male,Selma@est.org, DRn!55r , DRn!55r 
567,Carl,Nieves,Carl@61,Female,Shelly@tristique.com, bV1yM!sg8QHeU , bV1yM!sg8QHeU 
568,April,Tran,April@61,Male,Yuli@Cum.net, vVCLo!1IA , vVCLo!1IA 
569,Herman,Robles,Herman@61,Female,Charity@lorem.edu, dm34XX!5Wxaj , dm34XX!5Wxaj 
570,Gretchen,Buck,Gretchen@61,Female,Marvin@mattis.gov, BvzjBdiiGu#pS , BvzjBdiiGu#pS 
571,Lesley,Petty,Lesley@61,Male,Zenia@felis.edu, jnWiRA!6hmMWN , jnWiRA!6hmMWN 
572,Susan,Hebert,Susan@61,Female,Daquan@porttitor.gov, lXNi@1BFLY , lXNi@1BFLY 
573,Gary,Velez,Gary@61,Female,Celeste@dignissim.edu, ahC!GwirMv10 , ahC!GwirMv10 
574,Madaline,Burns,Madaline@61,Male,Lisandra@facilisis.edu, wt!Kin11 , wt!Kin11 
575,Karina,Kline,Karina@61,Female,Sara@mattis.org, hlhIL!vrehzC9 , hlhIL!vrehzC9 
576,Stewart,Colon,Stewart@61,Female,Sopoline@netus.net, Ibn5f!CM , Ibn5f!CM 
577,Walker,Finch,Walker@61,Female,Duncan@nibh.us, m5dc1!iqlENt6 , m5dc1!iqlENt6 
578,Shana,Peters,Shana@61,Female,Ishmael@turpis.org, h0cV!WUWsuF , h0cV!WUWsuF 
579,Dean,Manning,Dean@61,Female,Madaline@Maecenas.gov, b2acb!CMZpvs , b2acb!CMZpvs 
580,Kieran,Logan,Kieran@61,Male,Orla@est.us, Dya!U4mMt0Ch , Dya!U4mMt0Ch 
581,Nina,Ramsey,Nina@61,Male,Aimee@commodo.us, JmpndZ#ZCf6 , JmpndZ#ZCf6 
582,Hayfa,Burgess,Hayfa@61,Male,Odysseus@montes.org, JjWS!5#8jV , JjWS!5#8jV 
583,Zorita,Benson,Zorita@61,Female,Brent@ornare.net, bsO8!Tx4TF , bsO8!Tx4TF 
584,Sade,Lewis,Sade@61,Male,Joan@montes.com, PzGt!yWmr , PzGt!yWmr 
585,Meghan,Wyatt,Meghan@61,Male,Iola@Aenean.net, LTV2I@oWF , LTV2I@oWF 
586,Stella,Hurst,Stella@61,Female,Kiayada@adipiscing.org, g9iO@xR0OM2 , g9iO@xR0OM2 
587,Sarah,Blackwell,Sarah@61,Male,Xandra@massa.net, klkiaN@1mHKX , klkiaN@1mHKX 
588,Naida,Bowers,Naida@61,Female,Tyler@tristique.edu, ewZFPI@tziBw , ewZFPI@tziBw 
589,Declan,Kim,Declan@61,Male,Calista@ipsum.com, ZH7@xwZy , ZH7@xwZy 
590,Gannon,Carrillo,Gannon@61,Male,Kieran@Class.org, kUut7@siou , kUut7@siou 
591,Jescie,Mcguire,Jescie@61,Male,Chase@magna.com, 6TvTY@zuM2 , 6TvTY@zuM2 
592,Seth,Palmer,Seth@61,Male,Stone@amet.us, Yjoowp@1ONxaLX , Yjoowp@1ONxaLX 
593,Colleen,Stark,Colleen@61,Male,Kellie@vulputate.com, oB3Tk@QGhQQu10 , oB3Tk@QGhQQu10 
594,Lenore,Nielsen,Lenore@61,Female,Devin@tempus.com, GvvA@Y6a5I2 , GvvA@Y6a5I2 
595,Zephania,Perez,Zephania@61,Male,Justine@fames.edu, rKxk@1cs , rKxk@1cs 
596,Galena,Petty,Galena@61,Male,Cruz@inceptos.edu, MG4z@G9lf8 , MG4z@G9lf8 
597,Noah,Head,Noah@61,Female,Kameko@urna.net, LKsWh@1nrTwmPO , LKsWh@1nrTwmPO 
598,Tashya,Hampton,Tashya@61,Female,Yetta@magnis.edu, jK7eh@ouVGEfz , jK7eh@ouVGEfz 
599,Zahir,Madden,Zahir@61,Male,Teagan@molestie.com, Ccso@2yop , Ccso@2yop 
600,Rogan,Buck,Rogan@61,Male,Zena@Lorem.edu, ulh@SsHk , ulh@SsHk 
601,Benjamin,Rich,Benjamin@61,Male,Timon@adipiscing.edu, 7RN@aN0I , 7RN@aN0I 
602,Randall,Ramirez,Randall@61,Female,Candice@vehicula.com, 7dJWQ@N7yjM3A , 7dJWQ@N7yjM3A 
603,Slade,Burton,Slade@61,Male,Dominique@Etiam.org, IbhjQ@1aY , IbhjQ@1aY 
604,Cheryl,Puckett,Cheryl@61,Female,Chaney@cursus.us, Ozoup@Vzp2 , Ozoup@Vzp2 
605,Blythe,Valentine,Blythe@61,Male,Dexter@cubilia.org, j9Tnpx@TNskli , j9Tnpx@TNskli 
606,Chandler,Hopper,Chandler@61,Female,Daniel@feugiat.org, VRON@h7bZY , VRON@h7bZY 
607,Venus,Lowe,Venus@61,Female,Joseph@placerat.us, JVeF4@Ko2n8 , JVeF4@Ko2n8 
608,Aretha,Cash,Aretha@61,Male,Chantale@rhoncus.com, VzlPE@faVknR5 , VzlPE@faVknR5 
609,Tamekah,Fowler,Tamekah@61,Female,Gareth@mattis.org, wBV@1joT , wBV@1joT 
610,Gregory,Joseph,Gregory@61,Female,Liberty@auctor.us, wblI@AK , wblI@AK 
611,Marshall,Knox,Marshall@61,Male,Nasim@commodo.net, zaBw@SdnPHuCj , zaBw@SdnPHuCj 
612,Erin,Nielsen,Erin@61,Female,Tiger@id.org, Pi3G@PXXu , Pi3G@PXXu 
613,Christen,Langley,Christen@61,Female,Noble@nonummy.us, jTff5tX@s1XdS , jTff5tX@s1XdS 
614,Hall,Freeman,Hall@61,Female,Richard@taciti.edu, LESly@eII5z8w , LESly@eII5z8w 
615,Sean,Hubbard,Sean@61,Male,Demetrius@pretium.org, 71Kk@g6Jw , 71Kk@g6Jw 
616,Lila,Nash,Lila@61,Male,Chastity@dis.org, QxqK@7BUYSL , QxqK@7BUYSL 
617,Robin,Moss,Robin@61,Female,Dorian@in.edu, iLsu9KM@GZGXE , iLsu9KM@GZGXE 
618,Kane,Hughes,Kane@61,Female,Doris@porta.gov, aKQFjf@Fik , aKQFjf@Fik 
619,Carlos,Medina,Carlos@61,Female,Halla@luctus.us, PLDiUhb@hivhF , PLDiUhb@hivhF 
620,Morgan,Jordan,Morgan@61,Female,Eagan@sodales.net, q3lOg@AJqr2P , q3lOg@AJqr2P 
621,Pandora,Wong,Pandora@61,Female,Hayley@mollis.us, FZuE@0KSC , FZuE@0KSC 
622,Graham,Burks,Graham@61,Female,Cade@pharetra.net, nvcK3@Bp6q , nvcK3@Bp6q 
623,Byron,Bright,Byron@61,Male,Nasim@vehicula.gov, JpqhT@bYRR , JpqhT@bYRR 
624,Gillian,Gross,Gillian@61,Male,Lillian@facilisis.com, Bdgn5@c , Bdgn5@c 
625,Gloria,Strong,Gloria@61,Female,Walker@dui.org, oKtVX@27j4M , oKtVX@27j4M 
626,Dacey,Rodriguez,Dacey@61,Female,Colton@metus.net, 2Q4THh@UHWRk , 2Q4THh@UHWRk 
627,Yetta,Blanchard,Yetta@61,Female,Gannon@augue.us, H4j6@jEMfR , H4j6@jEMfR 
628,Adam,Little,Adam@61,Male,Quinn@Vestibulum.edu, luXkqO@ , luXkqO@ 
629,Ruth,Simpson,Ruth@61,Male,Penelope@orci.us, Up6gja@bJ , Up6gja@bJ 
630,Patricia,Evans,Patricia@61,Female,Joy@magnis.us, VtgyV8@I , VtgyV8@I 
631,Dean,Burch,Dean@61,Male,Holmes@Morbi.com, cY4W@O0wrCU10 , cY4W@O0wrCU10 
632,Reece,Acosta,Reece@61,Male,Ivor@id.edu, EEaE@eJL8e6N8 , EEaE@eJL8e6N8 
633,Kiona,Gibson,Kiona@61,Female,Idola@cubilia.us, AhY@YFCW , AhY@YFCW 
634,David,Boyer,David@61,Female,Gannon@Nunc.org, oBUGI3@Grt , oBUGI3@Grt 
635,Willow,Ross,Willow@61,Female,Macey@suscipit.com, wxi4tE2n@w , wxi4tE2n@w 
636,Jason,Franks,Jason@61,Female,Ivan@fringilla.org, vG1bgY@DhgJd , vG1bgY@DhgJd 
637,Doris,Bruce,Doris@61,Male,Ocean@nisi.com, fp3SMf@5jzp , fp3SMf@5jzp 
638,Beatrice,Glover,Beatrice@61,Female,Ava@fermentum.gov, lWMm@00X2H , lWMm@00X2H 
639,Odysseus,Carpenter,Odysseus@61,Female,Kasper@enim.us, 1uFD@ud2cUWpT , 1uFD@ud2cUWpT 
640,Wing,Todd,Wing@61,Female,Kessie@tortor.org, HV@dnP4 , HV@dnP4 
641,Keefe,Dale,Keefe@61,Female,Leo@aliquet.org, Qqpm@nPSeZ , Qqpm@nPSeZ 
642,Hedwig,Leblanc,Hedwig@61,Male,Omar@gravida.gov, kmZF@6WOe , kmZF@6WOe 
643,Amber,Mcintyre,Amber@61,Female,Raja@purus.com, UgT9d@i8CA08 , UgT9d@i8CA08 
644,Elton,Morrison,Elton@61,Male,Montana@malesuada.edu, 0WNf@T09E , 0WNf@T09E 
645,Megan,Lindsey,Megan@61,Female,Shoshana@Aenean.org, BQkGq@cBtmFcl , BQkGq@cBtmFcl 
646,Constance,Hardin,Constance@61,Female,Eliana@faucibus.edu, 8DB@FCP , 8DB@FCP 
647,Jane,Cline,Jane@61,Male,Thor@consequat.org, ZPzPg@xiN1Kl4 , ZPzPg@xiN1Kl4 
648,Rhoda,Sharpe,Rhoda@61,Female,Leah@orci.gov, Pid@fXB100 , Pid@fXB100 
649,Mia,Tillman,Mia@61,Female,Rafael@quis.com, Q0DAK@XYnO7 , Q0DAK@XYnO7 
650,August,Berry,August@61,Male,Lisandra@neque.net, ETcrT@1Mb , ETcrT@1Mb 
651,Tate,Hartman,Tate@61,Male,Daryl@gravida.gov, oQj9hjk@HvXgk , oQj9hjk@HvXgk 
652,Julian,Lee,Julian@61,Female,Hadassah@Cras.org, hT5smC@mZ2n5A , hT5smC@mZ2n5A 
653,Wayne,Small,Wayne@61,Female,Nolan@dapibus.gov, J91dC@tsl9Yif , J91dC@tsl9Yif 
654,Medge,Dillon,Medge@61,Male,Hamish@taciti.com, 3KsZx@BXEV , 3KsZx@BXEV 
655,Beau,Cooper,Beau@61,Male,Ferris@blandit.com, SxZcSSR@a , SxZcSSR@a 
656,Ross,Cleveland,Ross@61,Male,Fulton@metus.org, 8W3@Wwi , 8W3@Wwi 
657,Kylan,Mays,Kylan@61,Female,Imani@porta.us, wU@1vepDhCZY , wU@1vepDhCZY 
658,Giacomo,Baker,Giacomo@61,Male,Rhonda@justo.com, zlap@1iNpb , zlap@1iNpb 
659,Giacomo,Garrison,Giacomo@61,Female,Keefe@rutrum.com, aaTf@CiC6 , aaTf@CiC6 
660,Kadeem,Mendoza,Kadeem@61,Female,Matthew@aptent.edu, ihltAD@1KzdK , ihltAD@1KzdK 
661,Talon,Mcbride,Talon@61,Male,Judith@Ut.edu, R9gfTcM@0F9 , R9gfTcM@0F9 
662,Shay,Contreras,Shay@61,Female,Callie@Aliquam.edu, IS0eDm1@V , IS0eDm1@V 
663,Caleb,Mckay,Caleb@61,Female,Ronan@orci.gov, CyX@1uaDuR , CyX@1uaDuR 
664,Stone,Nielsen,Stone@61,Female,Rylee@morbi.edu, Oyqz@1oe , Oyqz@1oe 
665,Sharon,Giles,Sharon@61,Male,Camilla@massa.gov, nVyV@1Wp , nVyV@1Wp 
666,Noel,Chase,Noel@61,Female,Sydney@ante.us, 0Wok@Nn4rg , 0Wok@Nn4rg 
667,Shelby,Merrill,Shelby@61,Male,Astra@erat.com, vYlJ7@1Jj0o , vYlJ7@1Jj0o 
668,Maisie,Mclaughlin,Maisie@61,Female,Eugenia@torquent.com, TZ8cb@U8G , TZ8cb@U8G 
669,Axel,Cook,Axel@61,Female,Melanie@aliquam.net, hz9@qeJ10 , hz9@qeJ10 
670,Gloria,Rhodes,Gloria@61,Male,Guinevere@ultrices.us, Bhs6I1@eO5hR , Bhs6I1@eO5hR 
671,Sage,Garcia,Sage@61,Male,Amery@lectus.edu, vPjx2@n8ODv , vPjx2@n8ODv 
672,Philip,Ballard,Philip@61,Male,Nolan@consectetuer.gov, joNH2x@yPBf4 , joNH2x@yPBf4 
673,Haviva,Mccray,Haviva@61,Male,Melinda@semper.gov, ualQ6UGqynf@1k , ualQ6UGqynf@1k 
674,Ina,Mccoy,Ina@61,Female,Zane@tincidunt.gov, Aara@1tC , Aara@1tC 
675,Maile,Malone,Maile@61,Female,Rhonda@quis.net, z07SHk@M , z07SHk@M 
676,Britanney,Haney,Britanney@61,Female,Finn@odio.com, CVhI@1FlT , CVhI@1FlT 
677,Lionel,Clemons,Lionel@61,Male,Maite@Aliquam.us, kcgK@1eC , kcgK@1eC 
678,Carolyn,Stephenson,Carolyn@61,Female,Nasim@dictum.edu, Z1Gm@BL6csm , Z1Gm@BL6csm 
679,Ivory,Moody,Ivory@61,Male,Nell@aliquet.com, 2Wq0@Ev , 2Wq0@Ev 
680,Austin,Ayers,Austin@61,Male,Sandra@Curae.edu, f68@sSy6H , f68@sSy6H 
